{
  "name": "MD_MAX72XX",
  "keywords": "led, matrix, driver",
  "description": "Implements functions that allow the MAX72xx (MAX7219) to be used for LED matrices (64 individual LEDs)",
  "repository":
  {
    "type": "git",
    "url": "https://github.com/mariusrugan/MD_MAX72XX.git"
  },
  "authors":
  [
    {
        "name": "Marco Colli",
        "url": "http://arduinocode.codeplex.com/releases/view/120493",
        "maintainer": true
    }
  ],
  "include": "src",
  "examples": "examples/*/*.ino",
  "frameworks": "arduino",
  "platforms": "atmelavr"
}
